2252421061 NADIM 15/3/2003 21 lutfulnadim@gmail.com 01795895315 BCSE-23 0.00
2252421109 AFSANA 29/8/2003 22 afsanahena24@gmail.com 01872708825 BCSE-23 0.00
23524202001 TASDIK 17/6/2003 21 muttaki2004@gmail.com 01708513420 BCSE-23 0.00
23524202003 RAFI 9/2/2003 21 hasibulhasantalukder@gmail.com 01317770158 BCSE-23 0.00
23524202021 REHNUMA 30/11/2003 21 rehnumasalsabil@gmail.com 01843379770 BCSE-23 0.00
23524202029 MISHA 22/3/2003 21 mishamaliha75@gmail.com 01729872868 BCSE-23 0.00
23524202041 TAHMIDUR 27/10/2003 21 tahmidrk758@gmail.com 01642453664 BCSE-23 0.00
23524202043 FAIZA 3/7/2003 21 faizaneha0@gmail.com 01937789641 BCSE-23 0.00
23524202045 KIBRIA 15/8/2003 22 kibriahemel@gmail.com 01784816181 BCSE-23 0.00
23524202047 MAINUL 21/12/2003 21 mdmainulislam226@gmail.com 01633959928 BCSE-23 0.00
23524202049 JONAEID 19/7/2003 21 junaeid.as.shanto@gmail.com 01770404979 BCSE-23 0.00
23524202051 RONY 26/3/2003 21 shrony1995@gmail.com 01303591821 BCSE-23 0.00
23524202053 FAIYAZ 2/6/2003 21 23524202053@student.bup.edu.bd 01540015006 BCSE-23 0.00
23524202059 TASHFIN 11/9/2003 21 tashfinruaid@gmail.com 01733534262 BCSE-23 0.00
23524202061 NUHIN 8/1/2003 21 alsadiquen@gmail.com 01889143654 BCSE-23 0.00
23524202063 SHUBORNA 14/7/2003 21 shubornamim266@gmail.com 01707642655 BCSE-23 0.00
23524202065 JUNAYET 5/3/2002 22 mithu.bu.bd@gmail.com 01307944508 BCSE-23 0.00
23524202071 MARJIA 30/10/1998 22 marjiakhatun.my@gmail.com 01319932198 BCSE-23 0.00
23524202075 ABDULLAH 17/12/2002 21 proyaminzxyz@gmail.com 01624943319 BCSE-23 0.00
23524202085 ABDULLAH 23/8/2003 21 abyamin@gmail.com 01813179804 BCSE-23 0.00
23524202089 ANIKA 11/4/2003 21 sumaiyaaanika09@gmail.com 01864776304 BCSE-23 0.00
23524202091 RAISUL 24/6/2003 21 mdraisulislam522@gmail.com 01820955869 BCSE-23 0.00
23524202095 EMON 21/10/2002 22 emon.kpc2019@gmail.com 01822067199 BCSE-23 0.00
23524202103 JAMI 26/7/2003 21 israqjami@gmail.com 01638604549 BCSE-23 0.00
23524202107 SOURAV 4/9/2003 21 souravcse19@gmail.com 01775407622 BCSE-23 0.00
23524202109 SHREYA 5/11/2003 21 shreyasarker2004@gmail.com 01941034490 BCSE-23 4.00
23524202113 MARIA 3/5/2001 21 mariakhatun.my@gmail.com 01618638392 BCSE-23 0.00
23524202117 SAMA 2/8/2003 21 musfiqsama123@gmail.com 01992270612 BCSE-23 0.00
23524202119 MEHEDI 6/10/2003 21 hasanfoysal505@gmail.com 01643261699 BCSE-23 0.00
23524202121 MIHIR 28/3/2003 21 mihir11ox@gmail.com 01537165964 BCSE-23 0.00
23524202123 AURPY 25/5/2003 21 jannatulaurpy@gmail.com 01601666412 BCSE-23 0.00
23524202125 RAIHANUL 1/6/2003 21 raihanulhasan24@gmail.com 01521498148 BCSE-23 0.00
23524202127 ASHIKUZZAMAN 28/1/2003 21 ashiknayem163@gmail.com 01974386106 BCSE-23 0.00
23524202129 SHIFAT 13/3/2003 21 hakim.shifat@gmail.com 01609487007 BCSE-23 0.00
23524202131 RAKIN 22/7/2003 21 23524202131@student.bup.edu.bd 01794440944 BCSE-23 0.00
23524202133 TAHIA 19/12/2002 22 tahiazaima03@gmail.com 01926076386 BCSE-23 0.00
23524202135 ABID 18/10/2003 21 abidhasan191100@gmail.com 01963036984 BCSE-23 0.00
23524202137 MASHRAFI 27/11/2003 21 mashrafielahi@gmail.com 01404310707 BCSE-23 0.00
23524202139 TULY 10/5/2003 21 zarintasnimrahmantuly@gmail.com 01631026852 BCSE-23 0.00
23524202141 ALVEE 24/12/2003 21 23524202141@student.bup.edu.bd 01580925581 BCSE-23 0.00
23524202143 SHAHED 5/2/2003 21 shahrier.work2002@gmail.com 01610395608 BCSE-23 0.00
23524202145 SAIMA 16/9/2003 21 nuzhatsaima.16@gmail.com 01769990060 BCSE-23 0.00
23524202147 MEHAR 21/7/2003 21 anonna3010@gmail.com 01945453183 BCSE-23 0.00
23524202149 SHOAIB 15/3/2003 21 shoaibs17677@gmail.com 01972137467 BCSE-23 0.00
23524202151 TAHMID 18/5/2003 21 tahmidalam612@gmail.com 01746625241 BCSE-23 0.00
23524202002 JAKARIA 17/3/2003 21 23524202002@student.bup.edu.bd 01764647619 BCSE-23 0.00
23524202014 AJWAD 2/9/2002 22 m.ajwad2309@gmail.com 01791571922 BCSE-23 0.00
23524202024 SPONDON 15/11/2002 22 pranabanta2003@gmail.com 01785555585 BCSE-23 0.00
23524202028 ZUNAYED 21/7/2002 22 23524202028@student.bup.edu.bd 01973337044 BCSE-23 0.00
23524202030 ADEEB 9/4/2002 22 sajid.al.adeeb@gmail.com 01968595759 BCSE-23 0.00
23524202042 APURBO 29/5/2004 20 shahriar9005@gmail.com 01632022623 BCSE-23 0.00
23524202044 MASHROOR 26/12/2003 21 mashroorkabir1990@gmail.com 01534617780 BCSE-23 0.00
23524202048 AYSHA 2/10/2005 19 ayshasiddika2025@gmail.com 01786091884 BCSE-23 0.00
23524202052 NUSAIR 12/6/2004 20 tasinnusair@gmail.com 01601366714 BCSE-23 0.00
23524202054 ABDULLAH 21/4/2005 19 abdullahtowhid12354@gmail.com 01918442255 BCSE-23 0.00
23524202058 ZINAN 30/7/2001 23 zinankarar@gmail.com 01842376050 BCSE-23 0.00
23524202060 RUDRO 20/10/2005 19 royrudro95@gmail.com 01854599624 BCSE-23 0.00
23524202062 SAYED 8/11/2004 20 abusayedscpsc@gmail.com 01968447576 BCSE-23 0.00
23524202064 PUNAM 13/10/2002 22 punam.papri@gmail.com 01795405228 BCSE-23 0.00
23524202068 RUSHAFI 25/2/2001 23 marufallrushafi@gmail.com 01602272024 BCSE-23 0.00
23524202070 ZIHAD 1/1/2002 22 azihad783@gmail.com 01913871854 BCSE-23 0.00
23524202088 MEDHA 11/9/2006 18 tasnimrashidmedha@gmail.com 01931219500 BCSE-23 0.00
23524202096 RIFAT 23/11/2006 18 rifatallhasan6616437@gmail.com 01882658910 BCSE-23 0.00
23524202100 ABRAR 28/7/2005 19 abrarzahinayan6987@gmail.com 01812661730 BCSE-23 0.00
23524202102 MAHAMUDUL 9/5/2004 20 mahamudulhassan621715@gmail.com 01796263238 BCSE-23 0.00
23524202104 SADIF 5/12/2006 19 sadifsowaib@gmail.com 01708965212 BCSE-23 0.00
23524202108 SIFAT 29/9/2003 21 sheikhsifat1010@gmail.com 01704595266 BCSE-23 0.00
23524202110 TAQI 1/4/2006 19 tahmid17taqi@gmail.com 01612211655 BCSE-23 0.00
23524202112 MASUM 12/7/2001 23 mehrabhossain6872@gmail.com 01568886872 BCSE-23 0.00
23524202114 SABBIR 2/6/2002 22 sabbirshaon392028@gmail.com 01769055895 BCSE-23 0.00
23524202116 SAIMOON 9/5/2002 22 mgsaimoon@gmail.com 01676952192 BCSE-23 0.00
23524202118 OVIZIT 17/11/2002 22 ovizitdutt82@gmail.com 01888376006 BCSE-23 0.00
23524202120 SHUVO 14/10/2004 20 23524202120@student.bup.edu.bd 01576495606 BCSE-23 0.00
23524202122 NUHA 1/4/2002 22 s.a.n.nuhaa4002@gmail.com 01576652249 BCSE-23 0.00
23524202124 TAMJID 8/6/2001 23 tamjidemon145@gmail.com 01949949161 BCSE-23 0.00
23524202126 SHAZZAD 5/3/2006 19 shazzadhossan2016@gmail.com 01887369572 BCSE-23 0.00
23524202128 SIJAN 4/5/2003 21 masnoontahimsijan420@gmail.com 01947683668 BCSE-23 0.00
23524202130 TAMIM 25/12/2002 22 tamimshariar3000@gmail.com 01922160036 BCSE-23 0.00
23524202134 TABIDA 23/9/2002 22 tabida928@gmail.com 01784338698 BCSE-23 0.00
23524202136 ORCE 12/1/2001 23 rebekasultanaorce455@gmail.com 01329031092 BCSE-23 0.00
23524202138 SUMAIYA 20/12/2002 22 shamsshammi1234@gmail.com 01776665102 BCSE-23 0.00
23524202140 SUMAIYA 27/6/2002 22 sumaiyaakterdiba514@gmail.com 01764241261 BCSE-23 0.00
23524202146 NAFIZ 11/12/2002 22 nafiz.omi2002@gmail.com 01842930172 BCSE-23 0.00
23524202148 ABID 15/7/2003 21 rejwanabid@gmail.com 01799132323 BCSE-23 0.00
